﻿<?xml version="1.0" encoding="utf-8"?><Metadata><Ms><It Ln="264" O="0" M="Utt.Debugger.Info" T="\\wdaud6120hzn\fsv\performance\scripts\crm\crm_01_personsearch\\pre_cci.c: \\\\wdaud6120hzn\\include\\crmwrpctoken.h:15: warning: implicit declaration of `strtok' does not match previous declaration at C:\\Program Files (x86)\\HP\\LoadRunner\\include/string.h:41&#xD;&#xA;" /><It Ln="264" O="0" M="Utt.Debugger.Info" T="\\wdaud6120hzn\fsv\performance\scripts\crm\crm_01_personsearch\\pre_cci.c: \\\\wdaud6120hzn\\include\\crmwrpctoken.h:19: warning: implicit declaration of `strcat' does not match previous declaration at C:\\Program Files (x86)\\HP\\LoadRunner\\include/string.h:26&#xD;&#xA;" /><It Ln="264" O="0" M="Utt.Debugger.Info" T="\\wdaud6120hzn\fsv\performance\scripts\crm\crm_01_personsearch\\pre_cci.c: \\\\wdaud6120hzn\\include\\crmwrpctoken.h:46: warning: implicit declaration of `strstr' does not match previous declaration at C:\\Program Files (x86)\\HP\\LoadRunner\\include/string.h:40&#xD;&#xA;" /><It Ln="268" O="0" M="Utt.Debugger.Info" T="\\wdaud6120hzn\fsv\performance\scripts\crm\crm_01_personsearch\\pre_cci.c: \\\\wdaud6120hzn\\include\\crmwrpctokencase.h:16: warning: implicit declaration of `strtok' does not match previous declaration at C:\\Program Files (x86)\\HP\\LoadRunner\\include/string.h:41&#xD;&#xA;" /><It Ln="268" O="0" M="Utt.Debugger.Info" T="\\wdaud6120hzn\fsv\performance\scripts\crm\crm_01_personsearch\\pre_cci.c: \\\\wdaud6120hzn\\include\\crmwrpctokencase.h:20: warning: implicit declaration of `strcat' does not match previous declaration at C:\\Program Files (x86)\\HP\\LoadRunner\\include/string.h:26&#xD;&#xA;" /><It Ln="18" O="0" M="Utt.Debugger.Info" T="No errors detected" /></Ms></Metadata>