<?xml version="1.0" encoding="utf-8"?>
<VugenScriptMetadata>
  <ScriptName>CRM_01_PersonSearch</ScriptName>
  <Protocol>Web - HTTP/HTML</Protocol>
  <ActionFiles>
    <FileEntry Name="vuser_init.c" Filter="2" />
    <FileEntry Name="Action.c" Filter="2" />
    <FileEntry Name="vuser_end.c" Filter="2" />
  </ActionFiles>
  <GeneralFiles>
    <FileEntry Name="CRM_01_PersonSearch.usr" Filter="4" />
    <FileEntry Name="default.cfg" Filter="4" />
    <FileEntry Name="default.usp" Filter="4" />
    <FileEntry Name="DfeConfig\" Filter="4" />
    <FileEntry Name="CRM_01_PersonSearch.prm" Filter="2" />
    <FileEntry Name="globals.h" Filter="2" />
    <FileEntry Name="param_UserID.dat" Filter="2" />
    <FileEntry Name="param_PersonNumber.dat" Filter="2" />
    <FileEntry Name="ScriptUploadMetadata.xml" Filter="2" />
    <FileEntry Name="Bookmarks.xml" Filter="2" />
    <FileEntry Name="Breakpoints.xml" Filter="2" />
    <FileEntry Name="CompilerLogMetadata.xml" Filter="2" />
    <FileEntry Name="ReplaySummaryReport.xml" Filter="2" />
    <FileEntry Name="UserTasks.xml" Filter="2" />
    <FileEntry Name="param_UserID2.dat" Filter="2" />
    <FileEntry Name="combined_CRM_01_PersonSearch.c" Filter="2" />
    <FileEntry Name="pre_cci.c" Filter="2" />
    <FileEntry Name="10844336944.idx" Filter="1" />
    <FileEntry Name="12514086844.idx" Filter="1" />
    <FileEntry Name="1897479744.idx" Filter="1" />
    <FileEntry Name="CRM_01_PersonSearch.c.pickle" Filter="1" />
    <FileEntry Name="CRM_01_PersonSearch.ci" Filter="1" />
    <FileEntry Name="CRM_01_PersonSearch.prm.bak" Filter="1" />
    <FileEntry Name="CRM_01_PersonSearch.sdf" Filter="1" />
    <FileEntry Name="CRM_01_PersonSearch_V3.prm.bak" Filter="1" />
    <FileEntry Name="extra_f.lr" Filter="1" />
    <FileEntry Name="logfile.log" Filter="1" />
    <FileEntry Name="mdrv.log" Filter="1" />
    <FileEntry Name="mdrv5Ut.933.log" Filter="1" />
    <FileEntry Name="mdrvCRb.495.log" Filter="1" />
    <FileEntry Name="mdrvecz.449.log" Filter="1" />
    <FileEntry Name="mdrvHko.181.log" Filter="1" />
    <FileEntry Name="mdrvXnt.353.log" Filter="1" />
    <FileEntry Name="mdrvYrm.295.log" Filter="1" />
    <FileEntry Name="mdrv_cmd.txt" Filter="1" />
    <FileEntry Name="options.txt" Filter="1" />
    <FileEntry Name="output.bak" Filter="1" />
    <FileEntry Name="output.txt" Filter="1" />
    <FileEntry Name="param_SearchStr.dat" Filter="1" />
    <FileEntry Name="replay.har" Filter="1" />
    <FileEntry Name="shunra.shunra" Filter="1" />
    <FileEntry Name="ThumbnailsCache.tmp" Filter="1" />
    <FileEntry Name="TransactionsData.db" Filter="1" />
    <FileEntry Name="WebHttpHtml_Multi27.prm.bak" Filter="1" />
    <FileEntry Name="data\" Filter="1" />
    <FileEntry Name="result1\" Filter="1" />
  </GeneralFiles>
</VugenScriptMetadata>